<?xml version="1.0" encoding="UTF-8" ?>
<XMLDB PATH="blocks/marquee/db" VERSION="20140120" COMMENT="XMLDB file for Moodle blocks/marquee"
    xmlns:xsi="http://www.w3.org/2001/XMLSchema-instance"
    xsi:noNamespaceSchemaLocation="../../../lib/xmldb/xmldb.xsd">
	
  <TABLES>
    <TABLE NAME="custom_marquee" COMMENT="Recent marquee block">
      <FIELDS>
        <FIELD NAME="id" TYPE="int" LENGTH="11" NOTNULL="true" SEQUENCE="true"/>
        <FIELD NAME="description" TYPE="text" NOTNULL="true" SEQUENCE="false" COMMENT="User performing the action"/>
		<FIELD NAME="status" TYPE="int" LENGTH="1" NOTNULL="true" DEFAULT="0" SEQUENCE="false" COMMENT="status for marquee"/>
		<FIELD NAME="created" TYPE="int" LENGTH="20" NOTNULL="true" SEQUENCE="false"/>
      </FIELDS>
      <KEYS>
        <KEY NAME="primary" TYPE="primary" FIELDS="id"/>
      </KEYS>
    </TABLE>
  </TABLES>
</XMLDB>